{"cameraMode":{"drawMode":0,"name":"Shaded","section":"Shading Mode"},"sceneLighting":false,"audioPlay":false,"sceneViewState":{"showFog":true,"showMaterialUpdate":false,"showSkybox":false,"showFlares":true,"showImageEffects":true,"showParticleSystems":true},"in2DMode":false,"pivot":{"x":-2.2799999713897707,"y":2.3899998664855959,"z":-0.14999999105930329},"rotation":{"x":0.2811146080493927,"y":-0.017271842807531358,"z":0.0050628394819796089,"w":0.9595146775245667},"size":7.192183494567871,"orthographic":true}