{"cameraMode":{"drawMode":0,"name":"Shaded","section":"Shading Mode"},"sceneLighting":false,"audioPlay":false,"sceneViewState":{"showFog":true,"showMaterialUpdate":false,"showSkybox":false,"showFlares":true,"showImageEffects":true,"showParticleSystems":true},"in2DMode":false,"pivot":{"x":-2.2532994747161867,"y":2.190000057220459,"z":3.196931838989258},"rotation":{"x":-0.11628717184066773,"y":0.700329065322876,"z":-0.11725535988807678,"w":-0.694476306438446},"size":7.192183494567871,"orthographic":true}