{"cameraMode":{"drawMode":0,"name":"Shaded","section":"Shading Mode"},"sceneLighting":false,"audioPlay":false,"sceneViewState":{"showFog":true,"showMaterialUpdate":false,"showSkybox":false,"showFlares":true,"showImageEffects":true,"showParticleSystems":true},"in2DMode":false,"pivot":{"x":-0.541047990322113,"y":-0.22692471742630006,"z":-3.650484085083008},"rotation":{"x":0.24108010530471803,"y":-0.5891405940055847,"z":0.19001801311969758,"w":0.7474566102027893},"size":6.020238876342773,"orthographic":true}