{"cameraMode":{"drawMode":0,"name":"Shaded","section":"Shading Mode"},"sceneLighting":false,"audioPlay":false,"sceneViewState":{"showFog":true,"showMaterialUpdate":false,"showSkybox":false,"showFlares":true,"showImageEffects":true,"showParticleSystems":true},"in2DMode":false,"pivot":{"x":1.4586515426635743,"y":1.405217170715332,"z":-3.1358299255371095},"rotation":{"x":0.26171445846557619,"y":-0.4584241509437561,"z":0.14331550896167756,"w":0.8371477723121643},"size":6.17373514175415,"orthographic":true}