{"cameraMode":{"drawMode":0,"name":"Shaded","section":"Shading Mode"},"sceneLighting":false,"audioPlay":false,"sceneViewState":{"showFog":true,"showMaterialUpdate":false,"showSkybox":false,"showFlares":true,"showImageEffects":true,"showParticleSystems":true},"in2DMode":false,"pivot":{"x":-5.955446243286133,"y":1.8899998664855958,"z":3.6507081985473635},"rotation":{"x":0.11278776079416275,"y":0.705567479133606,"z":-0.11530474573373795,"w":0.6900702714920044},"size":5.47243070602417,"orthographic":true}