{"cameraMode":{"drawMode":0,"name":"Shaded","section":"Shading Mode"},"sceneLighting":false,"audioPlay":false,"sceneViewState":{"showFog":true,"showMaterialUpdate":false,"showSkybox":false,"showFlares":true,"showImageEffects":true,"showParticleSystems":true},"in2DMode":false,"pivot":{"x":0.5499999523162842,"y":2.009999990463257,"z":-0.3100000023841858},"rotation":{"x":-0.07656343281269074,"y":0.9221731424331665,"z":-0.29224514961242678,"w":-0.24157088994979859},"size":4.950000286102295,"orthographic":true}