{"cameraMode":{"drawMode":0,"name":"Shaded","section":"Shading Mode"},"sceneLighting":false,"audioPlay":false,"sceneViewState":{"showFog":true,"showMaterialUpdate":false,"showSkybox":false,"showFlares":true,"showImageEffects":true,"showParticleSystems":true},"in2DMode":false,"pivot":{"x":-3.6720409393310549,"y":1.0499999523162842,"z":-0.33807265758514407},"rotation":{"x":-0.11151889711618424,"y":0.8852460980415344,"z":-0.35707005858421328,"w":-0.27646103501319888},"size":4.950000286102295,"orthographic":true}