{"cameraMode":{"drawMode":0,"name":"Shaded","section":"Shading Mode"},"sceneLighting":false,"audioPlay":false,"sceneViewState":{"showFog":true,"showMaterialUpdate":false,"showSkybox":false,"showFlares":true,"showImageEffects":true,"showParticleSystems":true},"in2DMode":false,"pivot":{"x":-0.10182623565196991,"y":2.9107742309570314,"z":0.04206801950931549},"rotation":{"x":0.293500155210495,"y":0.3579559624195099,"z":-0.11961662769317627,"w":0.8783052563667297},"size":2.8578836917877199,"orthographic":true}