{"cameraMode":{"drawMode":0,"name":"Shaded","section":"Shading Mode"},"sceneLighting":false,"audioPlay":false,"sceneViewState":{"showFog":true,"showMaterialUpdate":false,"showSkybox":false,"showFlares":true,"showImageEffects":true,"showParticleSystems":true},"in2DMode":false,"pivot":{"x":-3.2799999713897707,"y":1.8899998664855958,"z":0.8499999642372131},"rotation":{"x":0.05258801579475403,"y":0.7103999853134155,"z":-0.05337671563029289,"w":0.6998213529586792},"size":6.173734664916992,"orthographic":true}