{"cameraMode":{"drawMode":0,"name":"Shaded","section":"Shading Mode"},"sceneLighting":false,"audioPlay":false,"sceneViewState":{"showFog":true,"showMaterialUpdate":false,"showSkybox":false,"showFlares":true,"showImageEffects":true,"showParticleSystems":true},"in2DMode":false,"pivot":{"x":1.0499999523162842,"y":2.510000228881836,"z":-0.3100000023841858},"rotation":{"x":-0.00026813827571459115,"y":0.9762590527534485,"z":-0.21666939556598664,"w":-0.0011735056759789587},"size":7.192183494567871,"orthographic":true}