{"cameraMode":{"drawMode":0,"name":"Shaded","section":"Shading Mode"},"sceneLighting":false,"audioPlay":false,"sceneViewState":{"showFog":true,"showMaterialUpdate":false,"showSkybox":false,"showFlares":true,"showImageEffects":true,"showParticleSystems":true},"in2DMode":false,"pivot":{"x":1.3268918991088868,"y":2.075061321258545,"z":-0.7591091990470886},"rotation":{"x":-0.2765827476978302,"y":0.5169068574905396,"z":-0.18104395270347596,"w":-0.7896643280982971},"size":6.17373514175415,"orthographic":true}