{"cameraMode":{"drawMode":0,"name":"Shaded","section":"Shading Mode"},"sceneLighting":false,"audioPlay":false,"sceneViewState":{"showFog":true,"showMaterialUpdate":false,"showSkybox":false,"showFlares":true,"showImageEffects":true,"showParticleSystems":true},"in2DMode":false,"pivot":{"x":-3.2703604698181154,"y":1.090000033378601,"z":-0.8018026351928711},"rotation":{"x":0.49707484245300295,"y":0.502768874168396,"z":0.5064976215362549,"w":-0.4936005175113678},"size":7.192183494567871,"orthographic":true}