{"cameraMode":{"drawMode":0,"name":"Shaded","section":"Shading Mode"},"sceneLighting":false,"audioPlay":false,"sceneViewState":{"showFog":true,"showMaterialUpdate":false,"showSkybox":false,"showFlares":true,"showImageEffects":true,"showParticleSystems":true},"in2DMode":false,"pivot":{"x":-0.8967626094818115,"y":0.8999999761581421,"z":-2.024040699005127},"rotation":{"x":0.6153631210327148,"y":0.3463050127029419,"z":0.6186951994895935,"w":-0.34445708990097048},"size":7.078914165496826,"orthographic":true}