{"cameraMode":{"drawMode":0,"name":"Shaded","section":"Shading Mode"},"sceneLighting":false,"audioPlay":false,"sceneViewState":{"showFog":true,"showMaterialUpdate":false,"showSkybox":false,"showFlares":true,"showImageEffects":true,"showParticleSystems":true},"in2DMode":false,"pivot":{"x":-1.776605486869812,"y":1.266798734664917,"z":-4.050347328186035},"rotation":{"x":0.5532824397087097,"y":0.4428041875362396,"z":0.5411340594291687,"w":-0.4527491629123688},"size":7.078914165496826,"orthographic":true}