{"cameraMode":{"drawMode":0,"name":"Shaded","section":"Shading Mode"},"sceneLighting":false,"audioPlay":false,"sceneViewState":{"showFog":true,"showMaterialUpdate":false,"showSkybox":false,"showFlares":true,"showImageEffects":true,"showParticleSystems":true},"in2DMode":false,"pivot":{"x":-0.7139130234718323,"y":1.5438804626464844,"z":0.08933605253696442},"rotation":{"x":0.15160246193408967,"y":0.7781521677970886,"z":-0.5738211870193481,"w":0.2055862545967102},"size":4.950000286102295,"orthographic":true}