{"cameraMode":{"drawMode":0,"name":"Shaded","section":"Shading Mode"},"sceneLighting":false,"audioPlay":false,"sceneViewState":{"showFog":true,"showMaterialUpdate":false,"showSkybox":false,"showFlares":true,"showImageEffects":true,"showParticleSystems":true},"in2DMode":false,"pivot":{"x":-6.088488578796387,"y":0.5899999141693115,"z":0.49000000953674319},"rotation":{"x":-0.4721449911594391,"y":-0.2184481918811798,"z":0.12203437089920044,"w":-0.8452825546264648},"size":4.950000286102295,"orthographic":true}