{"cameraMode":{"drawMode":0,"name":"Shaded","section":"Shading Mode"},"sceneLighting":false,"audioPlay":false,"sceneViewState":{"showFog":true,"showMaterialUpdate":false,"showSkybox":false,"showFlares":true,"showImageEffects":true,"showParticleSystems":true},"in2DMode":false,"pivot":{"x":-3.6720409393310549,"y":1.0499999523162842,"z":0.661927342414856},"rotation":{"x":-0.4582585394382477,"y":0.3203916847705841,"z":-0.18148872256278993,"w":-0.8089730739593506},"size":4.950000286102295,"orthographic":true}