{"cameraMode":{"drawMode":0,"name":"Shaded","section":"Shading Mode"},"sceneLighting":false,"audioPlay":false,"sceneViewState":{"showFog":true,"showMaterialUpdate":false,"showSkybox":false,"showFlares":true,"showImageEffects":true,"showParticleSystems":true},"in2DMode":false,"pivot":{"x":-3.2799999713897707,"y":1.8899998664855958,"z":0.8499999642372131},"rotation":{"x":0.07769499719142914,"y":0.7084339261054993,"z":-0.07895722985267639,"w":0.6970444321632385},"size":6.173734664916992,"orthographic":true}