{"cameraMode":{"drawMode":0,"name":"Shaded","section":"Shading Mode"},"sceneLighting":false,"audioPlay":false,"sceneViewState":{"showFog":true,"showMaterialUpdate":false,"showSkybox":false,"showFlares":true,"showImageEffects":true,"showParticleSystems":true},"in2DMode":false,"pivot":{"x":-5.955446243286133,"y":1.8899998664855958,"z":4.650708198547363},"rotation":{"x":0.14805170893669129,"y":0.6737241148948669,"z":-0.1404305249452591,"w":0.7102652192115784},"size":7.192183017730713,"orthographic":true}