{"cameraMode":{"drawMode":0,"name":"Shaded","section":"Shading Mode"},"sceneLighting":false,"audioPlay":false,"sceneViewState":{"showFog":true,"showMaterialUpdate":false,"showSkybox":false,"showFlares":true,"showImageEffects":true,"showParticleSystems":true},"in2DMode":false,"pivot":{"x":-3.6720409393310549,"y":1.0499999523162842,"z":0.661927342414856},"rotation":{"x":-0.2120424211025238,"y":0.778915286064148,"z":-0.47905635833740237,"w":-0.3447665274143219},"size":4.950000286102295,"orthographic":true}