{"cameraMode":{"drawMode":0,"name":"Shaded","section":"Shading Mode"},"sceneLighting":false,"audioPlay":false,"sceneViewState":{"showFog":true,"showMaterialUpdate":false,"showSkybox":false,"showFlares":true,"showImageEffects":true,"showParticleSystems":true},"in2DMode":false,"pivot":{"x":1.0499999523162842,"y":2.510000228881836,"z":-0.3100000023841858},"rotation":{"x":-0.11313408613204956,"y":-0.02027386985719204,"z":0.002318592509254813,"w":-0.993388295173645},"size":7.192183494567871,"orthographic":true}