{"cameraMode":{"drawMode":0,"name":"Shaded","section":"Shading Mode"},"sceneLighting":false,"audioPlay":false,"sceneViewState":{"showFog":true,"showMaterialUpdate":false,"showSkybox":false,"showFlares":true,"showImageEffects":true,"showParticleSystems":true},"in2DMode":false,"pivot":{"x":-1.7672730684280396,"y":1.953503131866455,"z":-0.30805665254592898},"rotation":{"x":-0.11613215506076813,"y":0.7931515574455261,"z":-0.15986473858356477,"w":-0.5761169791221619},"size":7.192183494567871,"orthographic":true}