{"cameraMode":{"drawMode":0,"name":"Shaded","section":"Shading Mode"},"sceneLighting":false,"audioPlay":false,"sceneViewState":{"showFog":true,"showMaterialUpdate":false,"showSkybox":false,"showFlares":true,"showImageEffects":true,"showParticleSystems":true},"in2DMode":false,"pivot":{"x":0.11840208619832993,"y":0.8671879768371582,"z":0.37566524744033816},"rotation":{"x":0.3558962643146515,"y":0.3220047056674957,"z":-0.1321345418691635,"w":0.8672945499420166},"size":4.950000286102295,"orthographic":true}