{"cameraMode":{"drawMode":0,"name":"Shaded","section":"Shading Mode"},"sceneLighting":false,"audioPlay":false,"sceneViewState":{"showFog":true,"showMaterialUpdate":false,"showSkybox":false,"showFlares":true,"showImageEffects":true,"showParticleSystems":true},"in2DMode":false,"pivot":{"x":0.050000011920928958,"y":2.009999990463257,"z":-0.3349999189376831},"rotation":{"x":0.37459880113601687,"y":-0.4105917513370514,"z":0.1900494247674942,"w":0.8093071579933167},"size":6.020238876342773,"orthographic":true}