{"cameraMode":{"drawMode":0,"name":"Shaded","section":"Shading Mode"},"sceneLighting":false,"audioPlay":false,"sceneViewState":{"showFog":true,"showMaterialUpdate":false,"showSkybox":false,"showFlares":true,"showImageEffects":true,"showParticleSystems":true},"in2DMode":false,"pivot":{"x":0.050000011920928958,"y":2.009999990463257,"z":0.690000057220459},"rotation":{"x":0.10893137007951737,"y":0.7141994833946228,"z":-0.11408288776874542,"w":0.6819403171539307},"size":6.17373514175415,"orthographic":true}