{"cameraMode":{"drawMode":0,"name":"Shaded","section":"Shading Mode"},"sceneLighting":false,"audioPlay":false,"sceneViewState":{"showFog":true,"showMaterialUpdate":false,"showSkybox":false,"showFlares":true,"showImageEffects":true,"showParticleSystems":true},"in2DMode":false,"pivot":{"x":-2.2799999713897707,"y":2.3899998664855959,"z":-0.14999999105930329},"rotation":{"x":0.006238341797143221,"y":0.9928602576255798,"z":-0.10312891006469727,"w":0.05993705615401268},"size":7.192183494567871,"orthographic":true}