{"cameraMode":{"drawMode":0,"name":"Shaded","section":"Shading Mode"},"sceneLighting":false,"audioPlay":false,"sceneViewState":{"showFog":true,"showMaterialUpdate":false,"showSkybox":false,"showFlares":true,"showImageEffects":true,"showParticleSystems":true},"in2DMode":false,"pivot":{"x":-0.027222156524658204,"y":1.2400000095367432,"z":-0.5381503105163574},"rotation":{"x":0.4463794231414795,"y":0.5413381457328796,"z":-0.41961345076560976,"w":0.5758686661720276},"size":5.931973457336426,"orthographic":true}