{"cameraMode":{"drawMode":0,"name":"Shaded","section":"Shading Mode"},"sceneLighting":false,"audioPlay":false,"sceneViewState":{"showFog":true,"showMaterialUpdate":false,"showSkybox":false,"showFlares":true,"showImageEffects":true,"showParticleSystems":true},"in2DMode":false,"pivot":{"x":-6.088488578796387,"y":0.5899999141693115,"z":0.49000000953674319},"rotation":{"x":-0.5788232088088989,"y":-0.015407570637762547,"z":0.010956687852740288,"w":-0.8152568936347961},"size":4.950000286102295,"orthographic":true}